<?xml version="1.0" encoding="UTF-8"?>
<project-private xmlns="http://www.netbeans.org/ns/project-private/1">
    <editor-bookmarks xmlns="http://www.netbeans.org/ns/editor-bookmarks/2" lastBookmarkId="0"/>
    <open-files xmlns="http://www.netbeans.org/ns/projectui-open-files/2">
        <group>
            <file>file:/C:/Users/Ryan/OneDrive%20-%20University%20of%20West%20London/COMPUTER%20SCIENCE%20YEAR%202/MOBILE%20APPLICATION%20DEVELOPMENT%202/MyMobileWebApp(CLASS%20Version)/public_html/elements/hello-world.html</file>
            <file>file:/C:/Users/Ryan/OneDrive%20-%20University%20of%20West%20London/COMPUTER%20SCIENCE%20YEAR%202/MOBILE%20APPLICATION%20DEVELOPMENT%202/MyMobileWebApp(CLASS%20Version)/public_html/university-course-page.html</file>
            <file>file:/C:/Users/Ryan/OneDrive%20-%20University%20of%20West%20London/COMPUTER%20SCIENCE%20YEAR%202/MOBILE%20APPLICATION%20DEVELOPMENT%202/MyMobileWebApp(CLASS%20Version)/public_html/elements/course-view.html</file>
            <file>file:/C:/Users/Ryan/OneDrive%20-%20University%20of%20West%20London/COMPUTER%20SCIENCE%20YEAR%202/MOBILE%20APPLICATION%20DEVELOPMENT%202/MyMobileWebApp(CLASS%20Version)/public_html/elements/address-view.html</file>
            <file>file:/C:/Users/Ryan/OneDrive%20-%20University%20of%20West%20London/COMPUTER%20SCIENCE%20YEAR%202/MOBILE%20APPLICATION%20DEVELOPMENT%202/MyMobileWebApp(CLASS%20Version)/public_html/elements/student-view.html</file>
        </group>
    </open-files>
</project-private>
