{
  "name": "iron-image",
  "version": "1.2.1",
  "license": "http://polymer.github.io/LICENSE.txt",
  "description": "An image-displaying element with lots of convenient features",
  "private": true,
  "authors": [
    "The Polymer Authors"
  ],
  "keywords": [
    "web-components",
    "polymer",
    "media"
  ],
  "repository": {
    "type": "git",
    "url": "git://github.com/PolymerElements/iron-image.git"
  },
  "dependencies": {
    "iron-flex-layout": "PolymerElements/iron-flex-layout#^1.0.0",
    "polymer": "Polymer/polymer#^1.1.0"
  },
  "devDependencies": {
    "iron-component-page": "PolymerElements/iron-component-page#^1.0.0",
    "iron-demo-helpers": "PolymerElements/iron-demo-helpers#^1.0.0",
    "paper-styles": "PolymerElements/paper-styles#^1.0.4",
    "test-fixture": "PolymerElements/test-fixture#^1.0.0",
    "web-component-tester": "^4.0.0",
    "webcomponentsjs": "webcomponents/webcomponentsjs#^0.7.0"
  },
  "main": "iron-image.html",
  "ignore": [],
  "homepage": "https://github.com/PolymerElements/iron-image",
  "_release": "1.2.1",
  "_resolution": {
    "type": "version",
    "tag": "v1.2.1",
    "commit": "80f1ba73903470ce3544485e8733dfba748f90d5"
  },
  "_source": "git://github.com/PolymerElements/iron-image.git",
  "_target": "^1.0.0",
  "_originalSource": "PolymerElements/iron-image"
}