{
  "name": "iron-flex-layout",
  "version": "1.2.2",
  "description": "Provide flexbox-based layouts",
  "keywords": [
    "web-components",
    "polymer",
    "layout"
  ],
  "main": "iron-flex-layout.html",
  "private": true,
  "license": "http://polymer.github.io/LICENSE.txt",
  "authors": [
    "The Polymer Authors"
  ],
  "repository": {
    "type": "git",
    "url": "git://github.com/PolymerElements/iron-flex-layout.git"
  },
  "dependencies": {
    "polymer": "Polymer/polymer#^1.1.0"
  },
  "devDependencies": {
    "paper-styles": "polymerelements/paper-styles#^1.0.0",
    "marked-element": "polymerelements/marked-element#^1.0.0",
    "prism-element": "PolymerElements/prism-element#^1.0.0",
    "webcomponentsjs": "webcomponents/webcomponentsjs#^0.7.0",
    "iron-component-page": "polymerelements/iron-component-page#^1.0.0"
  },
  "ignore": [],
  "homepage": "https://github.com/PolymerElements/iron-flex-layout",
  "_release": "1.2.2",
  "_resolution": {
    "type": "version",
    "tag": "v1.2.2",
    "commit": "41c4f35be1368afb770312b907a258175565dbdf"
  },
  "_source": "git://github.com/PolymerElements/iron-flex-layout.git",
  "_target": "^1.0.0",
  "_originalSource": "PolymerElements/iron-flex-layout"
}